[
  {
    "id": 1,
    "productName": "Apple iPhone 13",
    "before_stock": 100,
    "after_stock": 100,
    "sales": 0,
    "date": "2024-08-12T07:25:35.058Z",
    "employee_id": "E001",
    "revoked": true
  },
  {
    "id": 2,
    "productName": "Samsung Galaxy S21",
    "before_stock": 100,
    "after_stock": 88,
    "sales": 12,
    "date": "2024-08-12T07:25:41.223Z",
    "employee_id": "E003"
  },
  {
    "id": 3,
    "productName": "Apple iPhone 13",
    "before_stock": 88,
    "after_stock": 78,
    "sales": 10,
    "date": "2024-08-12T07:26:58.523Z",
    "employee_id": "E003"
  },
  {
    "id": 4,
    "productName": "Apple iPhone 13",
    "before_stock": 78,
    "after_stock": 178,
    "sales": 0,
    "date": "2024-08-12T07:27:50.199Z",
    "employee_id": "E006",
    "revoked": true
  },
  {
    "id": 5,
    "productName": "Dell XPS 13 Laptop",
    "before_stock": 200,
    "after_stock": 190,
    "sales": 10,
    "date": "2024-08-14T08:17:48.398Z",
    "employee_id": "E005"
  },
  {
    "id": 6,
    "productName": "Nintendo Switch",
    "before_stock": 200,
    "after_stock": 180,
    "sales": 20,
    "date": "2024-08-14T08:17:56.026Z",
    "employee_id": "E003"
  },
  {
    "id": 7,
    "productName": "Nintendo Switch",
    "before_stock": 180,
    "after_stock": 160,
    "sales": 20,
    "date": "2024-08-14T08:18:25.659Z",
    "employee_id": "E005"
  }
]